﻿{
  "content": {
    "main-menu-title": "Content",
    "blades": {
      "scope-value-pick-from-simple-list": {
        "title": "Only for selected stores",
        "subtitle": "Select stores"
      },
      "content-main": {
        "title": "Content",
        "subtitle": "Content service",
        "labels": {
          "no-active-theme": "No active theme, click to choose",
          "active-theme": "Active theme:",
          "edit-css-html": "Edit CSS/HTML",
          "preview-theme": "Preview theme",
          "customize-theme": "Customize theme",
          "themes": "Themes",
          "pages": "Pages",
          "link-lists": "Link lists",
          "blogs": "Blogs",
          "stores": "Stores",
          "no-stores": "You can configure Stores content here, but there were no Stores found. Open STORES menu to create one."
        }
      },
      "themes-list": {
        "title": "{{name}}",
        "subtitle": "Themes list",
        "labels": {
          "name": "Name",
          "activated": "Activated in store",
          "no-data": "No themes yet"
        }
      },
      "edit-asset": {
        "subtitle": "Edit document content",
        "title-new": "New document",
        "subtitle-new": "Create new document",
        "labels": {
          "liquid-documentation": "Liquid Documentation",
          "asset-name": "Asset name",
          "upload-new-file": "Upload new file",
          "progress": "Progress"
        },
        "placeholders": {
          "asset-name": "Enter asset name"
        },
        "validations": {
          "name-invalid": "Name can contain alphanumeric, \"_\", \"-\" and \".\" characters only."
        }
      },
      "edit-image-asset": {
        "subtitle": "Edit {{name}}"
      },
      "pages-list": {
        "title-pages": "{{name}} pages list",
        "subtitle-pages": "Pages List",
        "title-blogs": "{{name}} pages list",
        "subtitle-blogs": "Blogs List",
        "labels": {
          "name": "Name",
          "modified": "Modified"
        }
      },
      "link-lists": {
        "title": "{{name}} link Lists",
        "subtitle": "Link Lists",
        "labels": {
          "name": "Name",
          "language": "Language",
          "no-data": "No Link Lists yet"
        }
      },
      "theme-detail": {
        "subtitle": "Manage the theme",
        "title-new": "New theme",
        "subtitle-new": "Create new theme",
        "labels": {
          "theme-name": "Theme name",
          "default-theme-to-copy": "Default theme to copy",
          "default-theme-info": "Select a default theme to create a copy of it. An empty theme will be created otherwise."
        },
        "placeholders": {
          "theme-name": "Enter theme name",
          "select": "Select theme"
        }
      },
      "theme-upload": {
        "title": "Theme upload",
        "labels": {
          "select-files": "Select theme file",
          "drag-note": "Drop theme (.zip) file here",
          "progress": "Progress",
          "file-selected": "Theme file: ",
          "asset-uploaded": "Theme file uploaded."
        },
        "placeholders": {
          "image-url": "Paste theme file URL here"
        }
      },
      "edit-page": {
        "title": "Edit '{{name}}'",
        "subtitle": "Page edit",
        "title-new": "New page",
        "subtitle-new": "Create new page",
        "subtitle-post": "Blogpost edit",
        "title-new-post": "New post",
        "subtitle-new-post": "Create new blogpost",
        "labels": {
          "name": "Name",
          "language": "Language",
          "drag-note": "Drag and drop file here",
          "progress": "Progress",
          "markdown": "Markdown",
          "metadata": "Metadata"
        },
        "placeholders": {
          "name": "Enter name",
          "language": "Select...",
          "metadata": "Enter metadata"
        },
        "validations": {
          "pageName-invalid": "Page name can contain alphanumeric, \"_\", \"-\" and \".\" characters only."
        }
      },
      "menu-link-list": {
        "title": "Edit '{{name}}' list",
        "subtitle": "Link list edit",
        "title-new": "Add new list",
        "subtitle-new": "Create new list",
        "labels": {
          "name": "Name",
          "language": "Language",
          "list-note": "Set the order how the links appear sorted in web store. Drag and drop to change the order.",
          "is-active": "Is active",
          "link-title": "Link Title",
          "link-url": "URL",
          "links-to": "Links to",
          "linked-object": "Linked object"
        },
        "placeholders": {
          "name": "Enter page name",
          "language": "Select...",
          "associated-object-type": "Select type"
        }
      },
      "catalog-items-select": {
        "title-product": "Pick Product for link",
        "title-category": "Pick Category for link"
      },
      "edit-blog": {
        "subtitle": "Edit blog",
        "title-new": "New blog",
        "subtitle-new": "Create new blog",
        "labels": {
          "blog-name": "Blog name",
          "metadata": "Metadata"
        },
        "placeholders": {
          "blog-name": "Enter blog name"
        },
        "validations": {
          "name-invalid": "Name can contain alphanumeric, \"_\", \"-\" and \".\" characters only."
        }
      },
      "asset-list": {
        "subtitle": "Manage theme assets",
        "labels": {
          "add-new": "Add new",
          "nodata": "No Assets yet"
        }
      },
      "theme-asset-list": {
        "title": "Edit {{path}}",
        "subtitle": "Theme asset list",
        "labels": {
          "add-new": "Add new",
          "nodata": "No Assets yet"
        }
      }
    },
    "widgets": {
      "menu": {
        "title": "Link Lists",
        "blade-subtitle": "Link Lists"
      },
      "pages": {
        "title": "Pages",
        "blade-subtitle": "Pages List"
      },
      "store-cms": {
        "themes": "Themes",
        "pages": "Pages",
        "blogs": "Blogs",
        "links": "Link Lists",
        "active-theme": "Active theme"
      }
    },
    "dialogs": {
      "theme-clone": {
        "title": "Clone confirmation",
        "message": "Are you sure you want to clone selected Theme?"
      },
      "link-list-delete": {
        "title": "Delete confirmation",
        "message": "Are you sure you want to delete this link list?"
      },
      "links-delete": {
        "title": "Delete confirmation",
        "message": "Are you sure you want to delete selected links?"
      },
      "blog-delete": {
        "title": "Delete confirmation",
        "message": "Are you sure you want to delete selected Blog?"
      },
      "page-delete": {
        "title": "Delete confirmation",
        "message": "Are you sure you want to delete this page?"
      },
      "blog-save": {
        "title": "Save changes",
        "message": "The blog has been modified. Do you want to save changes?"
      },
      "page-save": {
        "title": "Save changes",
        "message": "The page has been modified. Do you want to save changes?"
      },
      "theme-save": {
        "title": "Save changes",
        "message": "The theme has been modified. Do you want to save changes?"
      },
      "theme-delete": {
        "title": "Delete confirmation",
        "message": "Are you sure you want to delete '{{name}}'?",
        "message-last-one": "This theme is the last one. If you delete it, you could break your storefront. Are you sure you want to delete '{{name}}'?"
      },
      "asset-delete": {
        "title": "Delete confirmation",
        "message": "Are you sure you want to delete this asset?"
      },
      "asset-save": {
        "title": "Save changes",
        "message": "The asset has been modified. Do you want to save changes?"
      },
      "link-list-save": {
        "title": "Save changes",
        "message": "The menu link list has been modified. Do you want to save changes?"
      },
      "set-store-url": {
        "title": "Url is not set for the store",
        "message": "Please, set store url before previewing!"
      },
      "name-must-unique": {
        "title": "Name not unique",
        "message": "Name must be unique for this language!"
      }
    },
    "commands": {
      "add-link": "Add link",
      "add-list": "Add list",
      "add-blog": "Add blog",
      "add-post": "Add post",
      "add-page": "Add",
      "save-list": "Save list",
      "delete-links": "Delete links",
      "delete-list": "Delete list",
      "delete-theme": "Delete",
      "reset-list": "Reset list",
      "manage-metadata": "Manage Metadata properties",
      "edit-as-markdown": "Edit as markdown",
      "edit-as-html": "Edit as html",
      "preview-theme": "Preview",
      "edit-css-html": "Edit CSS/HTML",
      "add-theme": "Add new theme",
      "set-active": "Set Active"
    }
  }
}
